{
  "limit": 5,
  "ids": "1,2,3,4,5,6,7,8,9,10,11,12,13,14,15,16,17,18,19,20,21,22",
  "single": [
    [
      {
        "seatId": 1,
        "row": 1,
        "column": 1
      },
      {
        "seatId": 2,
        "row": 1,
        "column": 2
      },
      {
        "seatId": 3,
        "row": 1,
        "column": 3
      },
      {
        "seatId": 4,
        "row": 1,
        "column": 4
      },
      {
        "seatId": 5,
        "row": 1,
        "column": 5
      }
    ],
    [
      {
        "seatId": 6,
        "row": 2,
        "column": 1
      },
      {
        "seatId": 7,
        "row": 2,
        "column": 2
      },
      {
        "seatId": 8,
        "row": 2,
        "column": 3
      },
      {
        "seatId": 9,
        "row": 2,
        "column": 4
      },
      {
        "seatId": 10,
        "row": 2,
        "column": 5
      }
    ]
  ],
  "couple": [
    [
      {
        "seatId": 11,
        "row": 3,
        "column": 1
      },
      {
        "seatId": 12,
        "row": 3,
        "column": 2
      },
      {
        "seatId": 13,
        "row": 3,
        "column": 3
      },
      {
        "seatId": 14,
        "row": 3,
        "column": 4
      },
      {
        "seatId": 15,
        "row": 3,
        "column": 5
      },
      {
        "seatId": 16,
        "row": 3,
        "column": 6
      }
    ],
    [
      {
        "seatId": 17,
        "row": 4,
        "column": 1
      },
      {
        "seatId": 18,
        "row": 4,
        "column": 2
      },
      {
        "seatId": 19,
        "row": 4,
        "column": 3
      },
      {
        "seatId": 20,
        "row": 4,
        "column": 4
      },
      {
        "seatId": 21,
        "row": 4,
        "column": 5
      },
      {
        "seatId": 22,
        "row": 4,
        "column": 6
      }
    ]
  ]
}